,,,,,
CSKA Moscow,CSKA Mosc,ZSKA Moscow,,,
Benfica Lissabon,Benfica Lissabon B,,,,
Anderlecht,,,,,
Bayern Munich,Bayern Mnich,,,,
Qarabag,FK Karabakh,,,,
Chelsea,,,,,
Sporting Lissabon,Sporting Lisboa,SP.Lisboa,Sporting Lisbon II,Sporting Lissabon B,
Olympiakos Piraeus,Olympiacos Pireas,,,,
Sevilla FC,,,,,
Liverpool,,,,,
Manchester City,Man City,,,,
Feyenoord,,,,,
Besiktas,,,,,
FC Porto,Oporto,,,,
APOEL,,,,,
Real Madrid,Real Madrid B,Real Madrid Castilla, madrid cff ,,
FC Basel,,,,,
Manchester United,Man Utd,,,,
Paris SG,Paris Saint-Germain,PSG,Paris St.-Germa,,
Celtic Glasgow,,,,,
Atletico Madrid,atltico,Atl. Madrid,At. Madrid,,
Roma,,,,,
Juventus,,,,,
Barcelona,,,,,
Spartak Moscow,Spartak Moscow II,Spartak-2 Moscow,,,
Maribor,,,,,
Napoli,Npoles,,,,
Shakhtar Donetsk,,,,,
Monaco,Mnaco,,,,
RB Leipzig,RB Leipzig (U19),,,,
Dortmund,,,,,
Tottenham Hotspur,Tottenham,,,,
FC Noroc Nimoreni,,,,,
Apollon Limassol LFC,Apollon Lim.,,,,
Pk 35 Vantaa,,,,,
Athletic de Bilbao,Athletic club de bilbao,At. Bilbao,,,
Raheny Utd FC,,,,,
WFC Osijek,,,,,
Klaksvikar Idrottarfelag,,,,,
Wexford Youths,,,,,
Bray Wanderers,,,,,
Hamburger SV,Am. Hamburger SV,Hamburgo,Hamburg,,
FC Cologne,,,,,
Hoffenheim,Am. Hoffenheim,Hoffenheim II,,,
Leverkusen,Bayer 04 Leverkusen,,,,
Wolfsburg,Wolfsburg II,Wolfsburgo,Am. Wolfsburg,,
Frankfurt,Eintracht Frankfurt,,,,
Hertha BSC,Hertha Berlin,Am. Hertha BSC,,,
Schalke 04,FC Schalke 04,,,,
Hannover 96,Am. Hannover 96,Hannover 96 II,Hannover 96 (U19),,
Werder Bremen,Werder Bremen II,Am. Bremen,,,
Mainz 05,Am. Mainz 05,Mainz II,FSV Mainz 05,,
VfB Stuttgart,Am. VfB Stuttgart,Stuttgart II,,,
Monchengladbach,Borussia Monchengladbach,Am. Gladbach,Borussia Monchengladbach II,MGladbach,M'gladbach
Augsburg,Augsburgo,FC Augsburg (U19),,,
Freiburg,Am. Freiburg,SC Freiburg (U19),Freiburg II,Friburgo,
Holstein Kiel,Holstein Kiel (U19),,,,
Regensburg,Jahn Regensburg,,,,
Heidenheim,FC Heidenheim (U19),,,,
FC St. Pauli,FC St. Pauli II,St Pauli II,,,
Dynamo Dresden, Dynamo Dresde,,,,
VfL Bochum,,,,,
Braunschweig,Am. Eintracht Braunschweig II,Eintracht Braunschweig (U19),,,
Kaiserslautern,FC Kaiserslautern (U19),,,,
FC Nrnberg,Nuremberg,,,,
Aue,,,,,
Fortuna Dusseldorf,Fortuna Dusseldorf II,Fortuna Dsseldorf II,Fortuna Dusseldorf (U19),,
Sandhausen,,,,,
Bielefeld,Arminia Bielefeld,,,,
Union Berlin,FC Union Berlin (U19),,,,
Fortuna Cologne,,,,,
SV Wehen Wiesbaden,,,,,
Hallescher FC,,,,,
Karlsruher SC,Karlsruhe,,,,
Magdeburg,FC Magdeburg,,,,
Chemnitz,Chemnitzer,,,,
Unterhaching,,,,,
Preussen Muenster,Preussen Munster,,,,
Hansa Rostock,,,,,
SG Sonnenhof Grossaspach,,,,,
CZ Jena,Carl Zeiss Jena,,,,
Erfurt,Rot-Weiss Erfurt,,,,
VfR Aalen,,,,,
SF Lotte,Sportfreunde Lotte,,,,
VfL Osnabrck,Osnabruck,VfL Osnabruck (U19),,,
Wrzburg,Wurzburger Kickers,,,,
Zwickau,,,,,
TSV Buchbach,,,,,
Fuerth,Am. Fuerth,,,,
SpVgg Bayreuth,,,,,
VfB Eichstatt,,,,,
TSV 1860 Munich,,,,,
Seligenporten,,,,,
Rosenheim,,,,,
VfR Garching,,,,,
Burghausen,,,,,
FC Unterfohring,,,,,
FSV Union Furstenwalde,,,,,
BSG Chemie Leipzig,,,,,
Berliner AK 07,,,,,
VSG Altglienicke,,,,,
Auerbach,,,,,
FSV Budissa Bautzen,,,,,
Babelsberg,Babelsberg 03,,,,
FSV Luckenwalde,,,,,
FC Viktoria Berlin,,,,,
BFC Dynamo,Dynamo Berlin,,,,
FC Oberlausitz Neugersdorf,,,,,
ZFC Meuselwitz,,,,,
Cottbus,Energie Cottbus,,,,
SV Drochtersen/Assel,,,,,
SW Rehden,,,,,
SSV Jeddeloh,,,,,
Hansa Luneburg,,,,,
Eintracht Norderstedt,,,,,
FC Altona 93,,,,,
VfB Lubeck,VfB Lbeck,,,,
Oldenburg,,,,,
ETSV Weiche Flensburg,,,,,
SV Eutin 08,,,,,
Havelse,,,,,
FC Germ Egestorf/Langreder,,,,,
VfV Hildesheim,,,,,
Worms,,,,,
Koblenz,,,,,
Ulm,SSV Ulm,,,,
TSV Steinbach,,,,,
Hessen Kassel,,,,,
Rochling Volklingen,,,,,
Offenbach,Kickers Offenbach,,,,
SpVgg Elversberg 07,,,,,
TSV Schott Mainz,,,,,
Mannheim,Waldhof Mannheim,,,,
FSV Frankfurt,,,,,
Eintracht Stadtallendorf,,,,,
Kickers Stuttg.,Stuttgarter Kickers,,,,
Saarbrucken,,,,,
FC Viktoria Kln,,,,,
Oberhausen,,,,,
Rodinghausen,SV Rodinghausen,,,,
TuS Erndtebruck,,,,,
TSV Alemannia Aachen,,,,,
SC Wiedenbrueck,SC Wiedenbruck,,,,
Verl,,,,,
Borussia Dortmund,Borussia Dortmund II,,,,
SV Westfalia Rhynern,,,,,
Wuppertaler SV,,,,,
FC Wegberg-Beeck,,,,,
SG Wattenscheid 09,,,,,
KFC Uerdingen 05,,,,,
RW Essen,,,,,
Bonner SC,,,,,
Bournemouth,,,,,
Brighton,Brighton & Hove Albion,Brighton Sub 23,Albion U20 ,,
Watford,Waterford,Watford U23 ,,,
Southampton,Southampton Sub 23,,,,
Huddersfield Town,,,,,
Everton,Everton FC,,,,
Burnley,Burnley U23 ,,,,
Swansea,Swansea City,Swansea City U-23,,,
Crystal Palace,,,,,
West Ham,West Ham United,West Ham United U-23,,,
Newcastle United,Newcastle Sub 23,Newcastle U21 ,,,
Leicester City,Leicester U23,,,,
Stoke City,Stoke Sub 23,,,,
West Bromwich,West Bromwich Albion,West Bromwich Albion U-23,West Brom,West Bromich Albion U23,
Arsenal,,,,,
Aston Villa FC,,,,,
Bristol City,Bristol City U23 ,,,,
Wolverhampton,Wolverhampton Wanderers U-23,Wolverhampton U23,Wolves,,
Brentford,,,,,
Fulham,,,,,
Ipswich,Ipswich U23 ,,,,
Derby County,,,,,
Sheffield United,Sheff Utd U23 ,Sheffield Wedne,,,
Sheffield Wednesday,,,,,
Burton Albion FC,,,,,
Preston North End,,,,,
Middlesbrough,,,,,
Bolton,,,,,
Hull City,,,,,
Sunderland,Sunderland Sub 23,,,,
Barnsley,,,,,
Q.P.R.,,,,,
Cardiff City,,,,,
Norwich,,,,,
Millwall,,,,,
Reading,Reading Sub 23,Reading U21 ,,,
Birmingham City,Birmingham U23 ,,,,
Leeds United,,,,,
Nottingham Forest,Nottingham Fore,,,,
Portsmouth,,,,,
Wigan,,,,,
Oldham,oldham athletic ,,,,
Blackpool,Blackpool ,fc blackpoolo ,,,
Bradford City,Bradford ,,,,
Walsall,,,,,
Southend,southend utd ,,,,
Gillingham,,,,,
Milton Keynes Dons,MK Dons,,,,
Blackburn Rovers,,,,,
Bury,,,,,
Rochdale,,,,,
Peterborough, peterborough united ,,,,
Northampton,,,,,
Shrewsbury Town,,,,,
Oxford United,Oxford Utd,,,,
Doncaster,doncaster rovers ,,,,
AFC Wimbledon,,,,,
Fleetwood Town,,,,,
Bristol Rovers,,,,,
Charlton Athletic,,,,,
Rotherham, rotherham utd ,,,,
Scunthorpe United, scunthorpe utd ,,,,
Plymouth Argyle,,,,,
Accrington,,,,,
Notts County,,,,,
Chesterfield,Chesterfield ,,,,
Newport,Newport County,,,,
Crewe, fc crewe alexandra ,,,,
Port Vale,,,,,
Exeter,exeter city ,,,,
Cheltenham,,,,,
Luton, luton town ,,,,
Mansfield Town,,,,,
Stevenage,,,,,
Barnet,,,,,
Forest Green Rovers,,,,,
Colchester United,Colchester Utd,,,,
Crawley Town,,,,,
Swindon,swindon town ,,,,
Wycombe,,,,,
Grimsby,grimsby town ,,,,
Morecambe,,,,,
Cambridge,Cambridge Utd.,Cambridge Utd,,,
Carlisle,carlisle utd ,,,,
Lincoln,lincoln city ,,,,
Coventry City,,,,,
Yeovil, yeovil town ,,,,
Dover Athletic,,,,,
Macclesfield Town FC,,,,,
AFC Fylde,,,,,
Hartlepool United,,,,,
Woking FC,,,,,
Wrexham FC,,,,,
Solihull Moors FC,,,,,
Torquay,,,,,
Chester,,,,,
Aldershot,,,,,
Eastleigh,,,,,
Leyton Orient,,,,,
Guiseley,,,,,
Halifax,,,,,
Boreham Wood FC,,,,,
Tranmere Rovers,,,,,
Bromley,,,,,
Dagenham,Dag & Red,,,,
Maidstone United FC,,,,,
Sutton United,,,,,
Gateshead FC,,,,,
Ebbsfleet,,,,,
Maidenhead,,,,,
Barrow,,,,,
Salford City,,,,,
Spennymoor,Spennymoor Town,,,,
Bradford PA,,,,,
AFC Telford United,,,,,
Tamworth FC,,,,,
Harrogate,Harrogate Town,,,,
York City,,,,,
Southport,,,,,
Leamington,,,,,
Nuneaton Town FC,,,,,
Boston United,Boston Utd,,,,
FC United of Manchester,FC Utd Manchester,,,,
Blyth,Blyth Spartans,,,,
Curzon Ashton,,,,,
Darlington 1883,,,,,
North Ferriby Utd,,,,,
Gainsborough,,,,,
Stockport,,,,,
Brackley Town,,,,,
Chorley,,,,,
Alfreton Town,,,,,
Kidderminster Harriers,,,,,
Braintree Town,,,,,
Whitehawk,,,,,
Truro City FC,,,,,
Chelmsford City,,,,,
Dartford FC,,,,,
Hemel Hampstead Town,Hemel Hempstead,,,,
Chippenham Town,,,,,
Weston,Weston-super-Mare,,,,
Poole Town,,,,,
Bath City,,,,,
Havant,Havant and W,,,,
Hampton & Richmond Borough FC,Hampton and Richmond,,,,
Concord Rangers,,,,,
St Albans,,,,,
Welling Utd,,,,,
Oxford City FC,,,,,
Wealdstone FC,,,,,
Eastbourne,,,,,
Bognor Regis,,,,,
East Thurrock United,,,,,
Gloucester City,,,,,
Hungerford Town,,,,,
Genoa,,,,,
AC Milan,,,,,
Cagliari,,,,,
Inter Milan,,,,,
Udinese,,,,,
Spal 2013,,,,,
Hellas Verona,Verona,,,,
FC Crotone,,,,,
Bologna,Bolonia,,,,
Benevento Calcio,,,,,
Sassuolo,,,,,
Torino,,,,,
Lazio,,,,,
Chievo,,,,,
Atalanta Bergamasca Calcio,Atalanta,,,,
Sampdoria,,,,,
Fiorentina,,,,,
Cremonese,,,,,
Parma,Parma Calcio,,,,
Ascoli,,,,,
Cittadella,,,,,
Novara,,,,,
Carpi,,,,,
Brescia,,,,,
Avellino,,,,,
Spezia,,,,,
Palermo,,,,,
Cesena,,,,,
Bari, fc bari 1908 ,,,,
Frosinone,,,,,
Pro Vercelli,,,,,
Perugia,,,,,
Virtus Entella,,,,,
Salernitana,,,,,
Venezia,,,,,
Empoli,,,,,
Ternana Calcio,,,,,
Foggia,,,,,
Pescara,,,,,
Prato,,,,,
Viterbese,,,,,
Arzachena,,,,,
Arezzo,,,,,
Carrarese,,,,,
Cueno,Cuneo,,,,
AS Lucchese Libertas,,,,,
Robur Siena Ssd,,,,,
Pisa,,,,,
Olbia Calcio,,,,,
Giana Erminio,,,,,
Pro Piacenza,,,,,
Monza,,,,,
US Gavorrano,,,,,
Livorno,,,,,
Alessandria,,,,,
Pontedera,,,,,
Gubbio,,,,,
Vicenza,,,,,
Bassano,Bassano Virtus,,,,
Fano,Fano A J,,,,
Teramo Calcio,,,,,
A.c. Mestre,,,,,
Padova,,,,,
AC Renate,,,,,
Feralpisalo,Feralpi Salo,,,,
Reggiana,,,,,
Albinoleffe,,,,,
Alto Adige Sudtirol,,,,,
Pordenone,,,,,
Santarcangelo Calcio,,,,,
Unione Sportiva Fermana,,,,,
Ravenna,Ravena,,,,
Modena,,,,,
Sanbenedettese,Sambenedettese,,,,
US Siracusa,,,,,
Trapani,,,,,
Cosenza,,,,,
AC Monopoli,,,,,
Akragas,,,,,
FC Matera,,,,,
US Casertana 1908,,,,,
Catanzaro,,,,,
Lecce,,,,,
Virtus Francavilla,,,,,
Bisceglie,,,,,
Paganese,,,,,
Urbs Sportiva Reggina 1914,,,,,
Rende,,,,,
Juvestabia,,,,,
Fidelis Andria,,,,,
Villarreal,CF Villarreal II,Villarreal B,,,
R. Sociedad,,,,,
Alaves,Alavs,,,,
La Coruna,RC Deportivo DE LA Coruna B,,,,
Levante,,,,,
CD Leganes,Legans,,,,
Espanyol,RCD Espanyol,,,,
Getafe,Getafe CF,,,,
Celta de Vigo,Celta de Vigo B,,,,
Real Betis,Real Betis B,,,,
Malaga,Malaga CF II,Mlaga,,,
Girona CF,,,,,
Las Palmas UD,,,,,
Eibar,SD Eibar,,,,
Valencia,,,,,
Cordoba,Cordoba CF B,Crdoba B,,,
Albacete,,,,,
La Hoya Lorca CF,,,,,
Huesca,,,,,
Numancia,,,,,
Rayo Vallecano,,,,,
Granada,Granada CF B,,,,
Zaragoza,Real Zaragoza B,Real Zaragoza II,,,
Alcorcon,Alcorcn,,,,
Cdiz,,,,,
Teneriffa,,,,,
Barcelona B,,,,,
Osasuna,CA Osasuna B,,,,
Leonesa,,,,,
Valladolid,Real Valladolid B,,,,
Sevilla Atletico,,,,,
Oviedo,real oviedo ,,,,
Almeria, almera ,,,,
CD Lugo,c.d. lugo ,,,,
Sporting Gijon,Sporting Gijn B,,,,
Gimnastic De Tarragona,Gimnstic,,,,
Reus,Reus Deportiu,,,,
Gimnastica Segoviana CF,,,,,
Racing de Ferrol,,,,,
SD Ponferadina,Ponferradina,,,,
Fuenlabrada CF,,,,,
Talavera,,,,,
Rapido De Bouzas,,,,,
Pontevedra, pontevedra cf ,,,,
SD Leioa,,,,,
Caudal Deportivo,,,,,
CD Izarra,c.d. izarra ,,,,
Real Union de Irun, real unin ,,,,
Pena Sport,,,,,
Arenas Club De Getxo,,,,,
Racing Santander,,,,,
SD Gernika,,,,,
CD Vitoria,,,,,
UD Logrones,,,,,
UE Llagostera,,,,,
UD Cornella,,,,,
Sabadell,,,,,
UE Olot,,,,,
Atletico Baleares,Atl Baleares,,,,
SD Formentera,,,,,
Hercules,Hrcules,,,,
Alcoyano,CD Alcoyano,,,,
CF Badalona,,,,,
CF Elche,,,,,
Peralada CF,,,,,
Valencia CF Mestalla,,,,,
Ontinyent,,,,,
CD Ebro,,,,,
Atletico Saguntino,Club Atletico Saguntino,,,,
Club Lleida Esportiu,,,,,
CD Badajoz,,,,,
Ecija,,,,,
CF Villanovense,,,,,
UD Las Palmas Atletico,Las Palmas At.,,,,
Ucam Murcia CF,Real Murcia II,Real Murcia B,,,
Real Balompedica Linense,Real Balompdica Linense,,,,
Cartagena,FC Cartagena,,,,
CD EL Ejido 2012,El Ejido 212,,,,
Extremadura UD,Extremadura UD II,,,,
Lorca Deportiva CF,,,,,
Jumilla,,,,,
Melilla,,,,,
Marbella,UD Marbella,,,,
R. Murcia,Real Murcia,,,,
Recreativo De Huelva,,,,,
CD San Fernando,UD San Fernando,,,,
Merida,Merida AD,,,,
St. Etienne,Saint-Etienne,St Etienne,,,
Metz,,,,,
Caen,,,,,
Montpellier,,,,,
Dijon,,,,,
Olympique Gymnaste Club de Nice,Niza,,,,
SC Amiens,,,,,
Lille,,,,,
Angers,SCO Angers,,,,
Lyon,Ol. Lyon,,,,
Nantes,,,,,
Troyes,,,,,
Bordeaux,Burdeos,,,,
Rennes,,,,,
Toulouse,,,,,
Strasbourg,Estrasburgo,,,,
Guingamp,,,,,
Marseille,Marsella,Ol. Marseille,,,
Auxerre,,,,,
FC Paris,,,,,
Clermont Foot,,,,,
US Quevilly Rouen,,,,,
Le Havre,,,,,
Nimes,,,,,
Ajaccio,,,,,
Tours,,,,,
Stade de Reims,,,,,
Lorient,,,,,
Chateauroux,,,,,
Sochaux,,,,,
Niort,,,,,
Valenciennes,,,,,
Nancy,,,,,
Brest,,,,,
GFCO Ajaccio,,,,,
FC Bourg Peronnas,,,,,
Lens,,,,,
US Orleans,,,,,
Cholet,,,,,
Lyon Duchere,,,,,
Sannois St Gratien,,,,,
FC Chambly Thelle,,,,,
Red Star 93 Paris,,,,,
Avranches,,,,,
US Boulogne,,,,,
Laval,,,,,
Rodez Aveyron,,,,,
AS Beziers,,,,,
Concarneau,,,,,
Les Herbiers,,,,,
Pau,,,,,
GS Consolat Marseille,,,,,
Dunkerque,,,,,
Grenoble,,,,,
Grasshoppers Zrich,,,,,
FC Lausanne-Sport,,,,,
Sion,,,,,
FC Zrich,,,,,
Lucerne,,,,,
Thun,,,,,
Lugano,AC Lugano,,,,
Young Boys Bern,,,,,
St. Gallen,,,,,
Aarau,,,,,
Servette,,,,,
Chiasso,,,,,
Wohlen,,,,,
FC Rapperswil-Jona,,,,,
Xamax,,,,,
Winterthur,,,,,
FC Wil 1900,,,,,
FC Vaduz,,,,,
Schaffhausen,,,,,
St. Poelten,,,,,
Wolfsberger AC,Wolfsberger AC II,,,,
RB Salzburg,Red Bull Salzburg,Anif,,,
Sturm Graz,,,,,
Austria Vienna,Austria Wien,,,,
Admira Wacker,Admira Wacker Modling,,,,
LASK,,,,,
Rapid Vienna,Rapid Wien,,,,
Mattersburg,Mattersburg,Mattersburg,,,
Altach,Altach Am.,Rheindorf Altach,,,
Kapfenberg,,,,,
Hartberg,,,,,
Parndorf,,,,,
Mannsdorf,,,,,
,,,,,
Traiskirchen Fcm,,,,,
Karabakh Wien,,,,,
Schwechat,,,,,
Amstetten,,,,,
ASK Ebreichsdorf,,,,,
FC Stadlau,,,,,
Steyr,Vorwarts Steyr,,,,
SV Allerheiligen,,,,,
SG SK Austria Klagenfurt,,,,,
Union Gurten,,,,,
SV Lafnitz,,,,,
TUS Bad Gleichenberg,,,,,
DSC Mithlinger Fenster,,,,,
WAC (A),,,,,
SV Seekirchen,,,,,
FC Alberschwende,,,,,
Wals Grnau,,,,,
Hard,,,,,
,,,,,
Grdig,,,,,
VfB Hohenems,,,,,
SV Wrgl,,,,,
Kufstein,,,,,
FC Dornbirn,,,,,
FC Kitzbuhel,,,,,
Saalfelden,,,,,
SC Schwaz,,,,,
Hamilton,,,,,
Kilmarnock,Kilmarnock U20 ,,,,
Aberdeen,Aberdeen U20 ,,,,
Partick Thistle,,,,,
Hibernian,,,,,
Dundee FC,Dundee Utd,Dundee U20 ,,,
St. Johnstone,St Johnstone U20 ,,,,
Heart of Midlothian,,,,,
Motherwell,Motherwell U20 ,,,,
Glasgow Rangers,,,,,
Ross County,,,,,
Dunfermline Athletic,,,,,
Dumbarton,,,,,
Dundee United,,,,,
St. Mirren,St Mirren,St Mirren U20 ,,,
Queen of South,Queen of South U20 ,,,,
Falkirk,,,,,
Inverness,Inverness CT,,,,
Brechin,,,,,
Livingston,,,,,
Morton,Morton U20 ,,,,
Alloa,,,,,
Airdrie,,,,,
Albion Rovers,,,,,
Forfar,,,,,
Arbroath,,,,,
Ayr United,,,,,
Stranraer,,,,,
Queens Park,QPR,,,,
Raith Rovers,,,,,
East Fife,,,,,
Montrose,,,,,
Annan Athletic,,,,,
Stenhousemuir,,,,,
Clyde,Clyde U20 ,,,,
Berwick,,,,,
Cowdenbeath,,,,,
Elgin,,,,,
Edinburgh City,,,,,
Stirling Albion,,,,,
Peterhead,,,,,
Vitoria Setubal,Setbal,,,,
Belenenses,,,,,
Vitoria Guimaraes,Vitoria Guimaraes B,,,,
Pacos Ferreira,,,,,
Rio Ave,,,,,
Estoril,,,,,
Maritimo Funchal,Martimo,,,,
Portimonense,,,,,
CD Tondela,,,,,
Moreirense,,,,,
Feirense,,,,,
Desportivo Chaves,,,,,
Aves,,,,,
Boavista Porto,,,,,
Sporting Braga,SP.Braga,Sporting Braga B,,,
,,,,,
Academica Viseu,Acadmica,,,,
,,,,,
Uniao Madeira,CF Uniao Madeira,,,,
Arouca,,,,,
Real Sporte,,,,,
,,,,,
CD Cova Piedade,,,,,
Leixoes,,,,,
,,,,,
CD Nacional,,,,,
Covilha, sc covilha ,,,,
Santa Clara,,,,,
FC Porto B,,,,,
Oliveirense,ud oliveirense ,,,,
Famalicao,,,,,
Penafiel,,,,,
Varzim,,,,,
Gil Vicente,,,,,
Sparta Rotterdam,,,,,
NAC Breda,,,,,
FC Twente Enschede,,,,,
Zwolle,,,,,
Excelsior,,,,,
Heracles,,,,,
Ajax Amsterdam,,,,,
Venlo,VVV Venlo,,,,
FC Utrecht,,,,,
Groningen,,,,,
AZ Alkmaar,,,,,
Vitesse Arnheim,,,,,
Heerenveen,,,,,
Den Haag,,,,,
Willem II,,,,,
Roda Kerkrade,Roda JC,,,,
PSV Eindhoven,,,,,
Nijmegen,,,,,
Go Ahead,,,,,
Jong PSV,,,,,
Helmond Sport,,,,,
Fortuna Sittard,,,,,
Jong Ajax Amsterdam,,,,,
Waalwijk,,,,,
Emmen,,,,,
Volendam,,,,,
FC Oss,,,,,
Den Bosch,,,,,
Almere City FC,,,,,
Maastricht,,,,,
Telstar,,,,,
Cambuur, cambuur leeuwarden ,,,,
Graafschap,,,,,
Jong FC Utrecht,,,,,
Dordrecht,,,,,
Mouscron,,,,,
Kortrijk,,,,,
Waasland Beveren,Waasland-Beveren,,,,
St. Truiden,St Truiden,,,,
Mechelen,,,,,
Genk,,,,,
Gent,,,,,
Zulte Waregem,Zulte-Waregem,,,,
Charleroi,,,,,
Eupen,,,,,
Lokeren,,,,,
Standard Liege,Standard Lieja,,,,
Club Brugge,Club Brujas,,,,
FC Antwerpen,Antwerp,Royal Antwerp,,,
Oostende,KV Oostende,,,,
Sivasspor,,,,,
Galatasaray,,,,,
Bursaspor,,,,,
Trabzonspor,,,,,
Gztepe AS,,,,,
Konyaspor,,,,,
Istanbul Basaksehir,Istanbul Basaksehir FK,,,,
Kasimpasaspor,Kasimpasa,,,,
Akhisar Bld Spor,,,,,
Karabkspor,,,,,
Alanyaspor,,,,,
Antalyaspor,,,,,
Yeni Malatyaspor,,,,,
Osmanlispor,,,,,
Kayserispor,,,,,
Fenerbahce,Fenerbahe,,,,
Genclerbirligi,,,,,
Altinordu Spor,,,,,
Balikesirspor,,,,,
Denizlispor,,,,,
Eskisehirspor,,,,,
Giresunspor,,,,,
Istanbulspor AS,,,,,
Ankaragc,Ankaragucu,,,,
Elazigspor,,,,,
Erzurum Buyuksehir Belediyesi Spor,,,,,
Caykur Rizespor,,,,,
Manisaspor,,,,,
Gaziantepspor,,,,,
Gaziantep Bld Spor,Gaziantep BB,Gaziantep FK,,,
Boluspor,,,,,
Umraniyespor,,,,,
Adanaspor,,,,,
AEK Athen,AEK Athens,AEK de Atenas,,,
Panetolikos,,,,,
Lamia,Lamia 1964,,,,
Levadiakos,,,,,
Panathinaikos Athen,Panathinaikos Athens,,,,
Atromitos,Atromitos Athens,,,,
PAS Giannina,,,,,
Skoda Xanthi FC,,,,,
Platanias,,,,,
AO Kassiopi,Kerkyra,,,,
PAOK Thessaloniki,,,,,
Apollon Smirnis,Apollon Smyrni,Apollon Smyrnis,,,
Panionios Athen,,,,,
Pafos FC,Paphos,,,,
Eth. Achnas,Ethnikos Achnas,,,,
Olympiakos Nikosia,Olympiakos Nicosia,,,,
AEK Larnaca,,,,,
Anorthosis,Anorthosis Famagusta,,,,
Alki Oroklinis,,,,,
N.Salamina,Nea Salamis,,,,
Aris Lemesou,Aris Limassol,,,,
Ermis Aradippou,,,,,
Doxa K.,Doxa Katokopia,,,,
Amkar Perm,,,,,
Arsenal Tula,,,,,
Ekaterinburg,,,,,
FC Lokomotiv Moscow,Lok Moscow 2,,,,
Terek Groznyi,Akhmat Grozny,,,,
Dinamo Moscow,Dynamo Moscow,Dnamo Mosc,,,
FK Krasnodar,Kuban Krasnodar,,,,
FK Tosno,,,,,
Rubin Kazan,,,,,
Energia Khabarovsk,,,,,
FK Rostov,Rostov (Y),,,,
Zenit St Petersburg,Zenit St Petersburg (Y),FC Zenit St Petersburg II,Zenit St. Petersburgo,,
FK Tambov,,,,,
Luch-Energia Vladivostok,Luch-Energiya,,,,
FK Tyumen,,,,,
Tom Tomsk,,,,,
Gazovik Orenburg,,,,,
Volga Olimpiets,,,,,
Shinnik Jaroslavl,,,,,
Volgar-Gazprom Astrahan,,,,,
FC Sibir Novosibirsk,,,,,
Samara,,,,,
Dynamo St Peter,,,,,
FK Khimki,,,,,
Kaliningrad,,,,,
Rotor Volgograd,,,,,
,,,,,
Avangard Kursk,,,,,
Krasnoyarsk,,,,,
Worenesch,,,,,
Spartak 2,,,,,
Kuban,,,,,
Hobro IK,,,,,
Silkeborg,,,,,
AGF Aarhus,VSK Aarhus ,,,,
Aalborg,,,,,
Horsens,,,,,
Brondby IF,,,,,
Randers,,,,,
FC Helsingor,,,,,
Lyngby,,,,,
FC Midtjylland,,,,,
FC Copenhagen,FC Kobenhavn,,,,
Nordsjaelland,,,,,
Roskilde,,,,,
Vejle,,,,,
Thisted FC,,,,,
Brabrand,,,,,
Lolland,Nykobing,,,,
Esbjerg,,,,,
FC Amager,Fremad Amager,Arema,,,
Fredericia,,,,,
Skive,,,,,
HB Koege,Koge,,,,
Viborg,,,,,
Vendsyssel FF,,,,,
Odense Q,Odense BK,,,,
Broendby,,,,,
Hammarby,Hammarby IF U19,,,,
Athletic FC United,AFC Utd,,,,
Djurgarden,Djurgardens,,,,
AIK Stockholm,,,,,
IK Sirius,,,,,
Kalmar,,,,,
IFK Gothenburg,,,,,
Malmo FF,,,,,
Ostersunds FK,,,,,
Norrkoping,,,,,
Jonkopings Sodra IF,,,,,
Haecken,Hacken,,,,
Halmstad,Halmstads,,,,
Elfsborg,,,,,
Orebro SK,,,,,
Sundsvall,,,,,
Norrby IF,,,,,
IK Frej,,,,,
Syrianska FC,,,,,
Varbergs Bois FC,,,,,
Oesters,,,,,
Vaernamo,,,,,
Degerfors IF,,,,,
Gais Gteborg,Goteborg,,,,
Gefle,,,,,
Falkenberg,Falkenbergs FF,,,,
Orgryte,,,,,
Dalkurd FF,,,,,
Brommapojkarna,IF Brommapojkarna,,,,
Atvidaberg,,,,,
Helsingborgs IF,,,,,
Trelleborg,Trelleborgs, trelleborgs ff ,,,
Qviding FIF,,,,,
Oskarshamns Aik,,,,,
Ljungskile SK,,,,,
FK Karlskrona,,,,,
Angelholm,,,,,
Utsiktens BK,,,,,
Mjallby Aif,,,,,
Skvde AIK,,,,,
Assyriska BK,,,,,
Husqvarna FF,,,,,
Kristianstads,,,,,
Landskrona Bois,,,,,
FC Rosengaard,,,,,
IK Oddevold,,,,,
Sarpsborg,,,,,
Mjondalen,,,,,
Kristiansund BK,,,,,
Molde FK,,,,,
Stabaek,,,,,
Lillestrom,,,,,
Valerenga,,,,,
Rosenborg,,,,,
Sandvikens IF,,,,,
Carlstad United BK,Carlstad Utd,,,,
Akropolis IF,,,,,
Vasalund,,,,,
Sollentuna Utd FF,Sollentuna FK U19,,,,
Ume FC,,,,,
Team TG FF,,,,,
Enskede IK,,,,,
IFK Lulea,,,,,
Nykoeping,,,,,
Grorud,,,,,
Raufoss,,,,,
Brumunddal Fotball,,,,,
Follo,,,,,
Asker,,,,,
Brum SK,Baerum,,,,
KFUM Oslo,,,,,
Nybergsund,,,,,
Kjelss,Kjelsas,,,,
Ham-Kam,,,,,
Finnsnes,,,,,
Skeid Fotball,,,,,
Fram Larvik,,,,,
Vidar,,,,,
Vard Haugesund,,,,,
Vindbjart,,,,,
Egersund IK,,,,,
Byasen,,,,,
Nardo,Nardo FK,,,,
Honefoss,,,,,
Fana,,,,,
Hodd,,,,,
Bryne,,,,,
Notodden,,,,,
Skjervoy,,,,,
Skedsmo,,,,,
Halsen IF,,,,,
Lura,,,,,
Korsvoll,,,,,
Tynset IF,,,,,
Tonsberg,,,,,
Madla,,,,,
Brattvag,,,,,
Herd,,,,,
Lillehammer,,,,,
Eidsvold Turn,,,,,
Ostsiden,,,,,
Holmen,,,,,
Mo IL,,,,,
Strindheim,,,,,
rn-Horten FK,,,,,
Oppsal IF,,,,,
FK Gjovik-Lyn,,,,,
Redalen,,,,,
Steinkjer,,,,,
Verdal,,,,,
Sprint/Jeloy,,,,,
Moss,,,,,
Lysekloster,,,,,
FK Fyllingsdalen,,,,,
Mosjoen,,,,,
Kolstad,,,,,
Stord/Moster,,,,,
Frde,,,,,
Kvik Halden,,,,,
Ullern IF,,,,,
OS,Os Turn,,,,
Varegg,IL Varegg,,,,
Sola,,,,,
Staal Jrpeland,,,,,
Drobak/Frogn,,,,,
Vestfossen IF,,,,,
Ready,,,,,
Lokomotiv Oslo,,,,,
Harstad,,,,,
Flya,,,,,
Flisa,,,,,
Valdres,,,,,
Sotra,,,,,
Fjora,,,,,
Skjetten,,,,,
Sortland IL,,,,,
Express IL,,,,,
IL Brodd,,,,,
Stjrdals/Blink,,,,,
Sverresborg,,,,,
Klepp,,,,,
LSK Kvinner,,,,,
Grand Bodo,,,,,
Sandviken,,,,,
Kolbotn,,,,,
Hifk,,,,,
Ilves,,,,,
PS Kemi,,,,,
FC Lahti,FC Lahti Akatemia,,,,
Kuopio PS,KuPS,,,,
HJK Helsinki,,,,,
Inter Turku,,,,,
Rovaniemi,,,,,
Jyvaskyla,,,,,
Seinajoen JK,,,,,
Vaasa,VPS Vaasa,,,,
IFK Mariehamn,,,,,
Turku PS,,,,,
KPV Kokkola,,,,,
OPS-jp,OPS,,,,
Grankulla IFK,GrIFK,,,,
Jaro FF,,,,,
Eif,,,,,
FC Haka Valkeakoski,,,,,
AC Oulu,,,,,
Jjk-Villiketut,,,,,
OTP FC,,,,,
EsPa,,,,,
Peimari Utd,,,,,
PEPO Lappeenranta,,,,,
Sudet,,,,,
AC Kajaani,,,,,
TP 47,,,,,
BK-46,,,,,
FC Viikingit,,,,,
Mikkelin Palloilijat,,,,,
Miki Mikkeli,,,,,
Legirus Inter,,,,,
JaePS,,,,,
JS Hercules,,,,,
SC Kufu 98,,,,,
Nups,,,,,
Kapylan Pallo,,,,,
TPV Tampere,,,,,
FC Espoo,,,,,
FC Kiffen,,,,,
Kultsu FC,,,,,
Narpes Kraft,,,,,
VIFK,,,,,
Liberec,,,,,
MFK Karvina,,,,,
SK Sigma Olomouc,,,,,
Slovacko,,,,,
Boleslav,Mlada Boleslav,,,,
Slavia Prague,Slavia Prague U19,,,,
Banik Ostrava,,,,,
Viktoria Plzen,Pilsen, FC Viktoria Plzen, FC Viktoria Plzen,,
Sparta Prague,,,,,
Brno,,,,,
Zlin,,,,,
Jablonec,,,,,
Jihlava,Vysocina Jihlava,,,,
Teplice,FK Teplice,,,,
Banik Sokolov,,,,,
FK Pardubice,,,,,
Hradec Kralove,,,,,
FK Trinec,,,,,
Usti nad Labem,FK Usti Nad Labem ,,,,
Budweis,Dynamo Ceske Budejovice,,,,
Opava,SFC Opava,,,,
SC Znojmo,,,,,
Pribram,,,,,
Viktoria Zizkov,,,,,
FC Vitkovice,,,,,
Slovan Varnsdorf,,,,,
FK Olympia Praha,Olympia Prague,,,,
FC Graffin Vlasim,,,,,
Fotbal Frydek Mistek,Frydek-Mistek,,,,
Mas Taborsko,,,,,
SK Prevysov,,,,,
Loko Vltavin,,,,,
SK Polaban Nymburk,,,,,
SK Benesov,,,,,
SK Sokol Brozany,,,,,
Jirny,,,,,
Stechovice,,,,,
FK Dobrovice,,,,,
FC Pisek,,,,,
Vysehrad,,,,,
MFK Chrudim,,,,,
Kraluv Dvur,,,,,
FK Litomerice,,,,,
Domazlice,,,,,
FC Zirka Kirovohrad,,,,,
Stal Dneprodzerzhinsk,,,,,
Dynamo Kiev,Dynamo Kyiv,,,,
Illichivec Mariupol,,,,,
W. Poltawa,,,,,
Oleksandria,FC Oleksandria U19,,,,
Karpaty Lviv,,,,,
Olimpik Donetsk,,,,,
Veres Rivne,,,,,
Chernomorets Odessa,,,,,
Zorya Lugansk,,,,,
Trencin,,,,,
MFK Ruzomberok,,,,,
FK Senica,,,,,
FC Tatran Presov,,,,,
ZP Sport Podbrezova,,,,,
Slovan Bratislava,,,,,
Zlate Moravce,,,,,
MFK Zemplin Michalovce,,,,,
Dunajska Streda,,,,,
Nitra,,,,,
Ujpest Dozsa,,,,,
Balmazujvaros Sport KFT,,,,,
Paksi FC,,,,,
Vasas Budapest,,,,,
Debrecen,,,,,
Budapest Honved,,,,,
Puskas Akademia,,,,,
Szombathelyi Haladas FC,,,,,
Mezokvesd Zsory,,,,,
Diosgyor,,,,,
Ferencvaros,Ferencvarosi TC (W),,,,
Videoton,Videoton FC,,,,
CS Gaz Metan Medias,,,,,
CS Universitatea Craiova,,,,,
Dinamo Bucuresti,,,,,
CS Voluntari,,,,,
FC Botosani,,,,,
Steaua Bucharest,Steaua Bucuresti,FCSB,Steaua de Bucarest,,
CFR Cluj,,,,,
ACS Poli Timisoara,,,,,
Viitorul Constanta,,,,,
Concordia Chiajna,,,,,
ACS Sepsi,,,,,
CS Municipal Studentesc Iasi,,,,,
FC Dunav Ruse,,,,,
Lok. Plovdiv,,,,,
Slavia Sofia,,,,,
Levski Sofia,,,,,
Pirin Blagoevgrad,PFC Pirin Blagoevgrad,,,,
Ludogorets Razgrad,,,,,
CSKA Sofia,,,,,
Beroe Stara Zagora,,,,,
FK Septemvri Sofia,,,,,
Cherno More Varna,,,,,
FC Vereya,,,,,
FC Vitosha Sofia,Vitosha Bistrica,,,,
FC Gomel,,,,,
FC Slutsk,,,,,
FC Minsk,,,,,
Isloch,,,,,
FC Gorodeya,,,,,
FC Dinamo Minsk,,,,,
Neman Grodno,,,,,
FC Vitebsk,,,,,
FC Brest,Dinamo Brest,,,,
Slavia Mozyr,Slaviya-Mozyr,,,,
BATE Borisov,,,,,
Shakhter Soligorsk,Shakhtyor Soligorsk,,,,
Cracovia Krakau,,,,,
WKS Slask Wroclaw,,,,,
Piast Gliwice,,,,,
Jagiellonia Bialystok,,,,,
Arka Gdynia,,,,,
Lech Poznan,,,,,
Zaglebie Lubin,,,,,
Legia Warsaw,,,,,
Termalica Bruk Bet Nieciecza,,,,,
Kielce Korona,,,,,
Lechia Gdansk,,,,,
Wisla Krakow,,,,,
Pogon,,,,,
Sandecja Nowy Sacz,,,,,
Podbeskidzie Bielsko Biala,,,,,
GKS Tychy 71,,,,,
Zaglebie Sosnowiec,,,,,
Rakow Czestochowa,,,,,
Stomil Olsztyn,,,,,
Olimpia Grudziadz,,,,,
Ruch Chorzow,,,,,
MKS Chojniczanka Chojnice,,,,,
Chrobry Glogow,,,,,
Pogon Siedlce,,,,,
Wigry Suwalki,,,,,
Puszcza Niepolomnice,,,,,
Odra Opole,,,,,
GKS Katowice,,,,,
Bytovia Bytow,,,,,
Gornik Leczna,,,,,
Stal Mielec,,,,,
Miedz Legnica,,,,,
NK Rudes,,,,,
NK Slaven Belupo,,,,,
Dinamo Zagreb,NK Dinamo Zagreb,,,,
NK Lokomotiva Zagreb,,,,,
NK Istra 1961,,,,,
Hajduk Split,,,,,
Rijeka,,,,,
Inter Zapresic,,,,,
HNK Cibalia Vinkovci,,,,,
FK Cukaricki Stankom,,,,,
FK Rad Belgrade,,,,,
Macva Sabac,,,,,
FK Vozdovac,,,,,
Habitpharm Javor,,,,,
Napredak Krusevac,,,,,
FK Borac Cacak,,,,,
FK Mladost Lucani,,,,,
FK Backa Backa Palanka,,,,,
FK Zemun,,,,,
FK Spartak Zlatibor Voda,,,,,
Vojvodina,,,,,
FK Radnik Surdulica,,,,,
Radnicki Nis,,,,,
Partizan Belgrade,Partizan Beograd,Partizn Belgrado,,,
Red Star Belgrade,Crvena Zvezda,,,,
Ankaran Hrvatini Mas Tech,,,,,
NK Celje,,,,,
Triglav Gorenjska,,,,,
Aluminij,,,,,
NK Olimpija Ljubljana,,,,,
NK Rudar Velenje,,,,,
ND Gorica,,,,,
NK Domzale,,,,,
NK Krsko,,,,,
FC Aktobe,,,,,
FC Okzhetpes,,,,,
FK Akzhayik Uralsk,,,,,
Tobol Kostanay,,,,,
FC Irtysh Pavlodar,,,,,
Taraz,FK Taraz,,,,
Ordabasy Shymkent,,,,,
FC Kaisar Kyzylorda,,,,,
Kairat Almaty,,,,,
FK Atyrau,,,,,
Zrinjski Mostar,,,,,
NK Vitez,,,,,
Sir Brijeg,Siroki Brijeg,,,,
FK Zeljeznicar,,,,,
Radnik Bijeljina,,,,,
Doboj Kakanj,,,,,
FK Sarajevo,,,,,
FK Borac Banja Luka,,,,,
Rigas Futbola Skola,RFS,,,,
FK Ventspils,,,,,
FK Spartaks,,,,,
FK Liepaja,,,,,
JK Sillamae Kalev,,,,,
Narva JK Trans,,,,,
JK Nomme Kalju,,,,,
Tallinna FC Levadia,,,,,
Shamrock Rovers,,,,,
Shelbourne,,,,,
Galway FC,,,,,
St. Patricks,Partick U20 ,,,,
Athlone Town,,,,,
Cork City,,,,,
Finn Harps,,,,,
Limerick 37 FC,,,,,
Cobh Wanderers,,,,,
Drogheda,,,,,
Longford,,,,,
Bangor Celtic,,,,,
Dundalk FC,,,,,
Crumlin Utd.,,,,,
Prestatyn Town,,,,,
Bangor City,,,,,
Aberystwyth,,,,,
Newi Cefn Druids AFC,,,,,
Cardiff Met University,Cardiff Metropolitan,,,,
Bala Town,,,,,
TNS,,,,,
Barry Town FC,,,,,
GAP Connah'S Quay FC,Connahs Quay,,,,
Llandudno FC,,,,,
Carmarthen Town AFC,,,,,
Newtown,,,,,
Glentoran,,,,,
FC Glenavon,,,,,
Warrenpoint Town,,,,,
Coleraine,,,,,
Crusaders Belfast,,,,,
Cliftonville,,,,,
Dungannon Swifts,,,,,
Ards FC,,,,,
Ballinamallard United,,,,,
Carrick Rangers FC,,,,,
Ballymena United FC,,,,,
Linfield,,,,,
Valur,,,,,
Vestmannaeyjar,IBV Vestmannaeyjar (W),,,,
IA Akranes,,,,,
Breidablik,,,,,
Vikingur Reykjavik,,,,,
Fjlnir Reykjavik,Fjolnir,,,,
KR Reykjavik,IR Reykjavik,,,,
Grindavik Umf,,,,,
Vikingur Olafsvk,Vikingur Olafsvik,,,,
Ka Akureyri,,,,,
Hafnarfjordur,,,,,
Stjarnan,,,,,
Haukar Hafnafjrdur,,,,,
HK Kopavogs,,,,,
UMF Selfoss,,,,,
Leiknir Faskruosfiroi,Leiknir Faskrudsfjordur,,,,
Fylkir,,,,,
Fram Reykjavik,,,,,
Thor Akureyri,Thor KA (W),,,,
Grotta,,,,,
Hapoel Raanana,,,,,
Bnei Sakhnin FC,,,,,
Hapoel Akko,,,,,
Maccabi Netanya,Maccabi de Tel Aviv,,,,
Maccabi Tel Aviv,,,,,
Hapoel Kiryat Shmona,,,,,
Ashdod SC,,,,,
Beitar Jerusalem,,,,,
Bnei Yehuda Tel Aviv,,,,,
Hapoel Ashkelon,,,,,
Hapoel Haifa,,,,,
Maccabi Petach Tikva,,,,,
Hapoel Beer Sheva,Hapoel Be'er Sheva,Hapoel Beer-Sheva,,,
Maccabi Haifa,,,,,
Maccabi Herzliya,,,,,
Maccabi Achi Nazareth,,,,,
Hapoel Nazareth Illit,,,,,
Ironi Ramat Hasharon,,,,,
Hapoel Petach Tikva,,,,,
Hapoel Kfar Saba,,,,,
Manly United FC,,,,,
Blacktown City FC,,,,,
Rockdale City Suns,,,,,
Apia Leichhardt Tigers,,,,,
New York City FC,,,,,
New York RB,NY Red Bulls,,,,
Atlanta United FC,,,,,
Philadelphia Union,,,,,
FC Dallas,,,,,
Columbus Crew,,,,,
Colorado Rapids,,,,,
Real Salt Lake,,,,,
San Jose Earthquakes,,,,,
Los Angeles Galaxy,LA Galaxy,,,,
New England,NE Revolution,,,,
Washington DC United,,,,,
Vancouver,,,,,
Orlando City SC,,,,,
NSC Minnesota Stars,,,,,
Chicago Fire,,,,,
Toronto FC,,,,,
Montreal Impact,,,,,
Portland,Portland Timbers,,,,
Seattle Sounders,,,,,
New York Cosmos,,,,,
Carolina Railhawks,,,,,
Jacksonville Armada,,,,,
Indy Eleven,,,,,
Miami FC,,,,,
Puerto Rico FC,,,,,
FC Edmonton,,,,,
San Francisco Deltas,,,,,
Velez Sarsfield,Vlez,,,,
CA Tigre,,,,,
Gimnasia LP,Gimnasia La Plata,,,,
Defensa y Justicia,Def. y Justicia,,,,
Lanus,Lans,,,,
CA Talleres,Talleres de Cordoba,Talleres de Crdoba,,,
CA Patronato,Patronato Parana,,,,
San Martin de San Juan,San Martin San Juan,CMD San Juan ,San Martn (SJ),,
Racing Club,Racing de Avellaneda,,,,
San Lorenzo,,,,,
River Plate,,,,,
CA Temperley,,,,,
Arsenal de Sarandi,Arsenal de Sarand,,,,
Estudiantes,Estudiantes de La Plata,,,,
Belgrano,,,,,
Banfield,,,,,
Rosario Central,,,,,
Colon Santa Fe,Colon de Santa Fe,,,,
Huracan,Huracn,,,,
CA Independiente,Independiente Avellaneda,,,,
Godoy Cruz,,,,,
Atletico Tucuman,Atltico Tucumn,Club Atletico Tucuman,,,
Olimpo,Olimpo de Bahia Blanca,Olimpo Baha Blanca,,,
Boca Juniors,,,,,
Union De Santa Fe,,,,,
Newells Old Boys,Newell's Old Boys,,,,
Vasco da Gama,Vasco da Gama-RJ,,,,
Fluminense,,,,,
Atletico Paranaense,Atletico-PR,Atltico Paranaense,Atletico PR,,
Flamengo,,,,,
Sao Paulo SP,,,,,
Palmeiras,,,,,
Santos,,,,,
Cruzeiro,Cruzeiro-MG,,,,
Vitoria BA,Vitoria-BA,,,,
Coritiba,,,,,
Atletico Goianiense,Atletico-GO,Atletico Goiani
Corinthians,Corinthians-SP,,,,
Botafogo RJ,Botafogo-RJ,,,,
Bahia Salvador BA,,,,,
Atletico Mineiro MG,Atletico-MG,Atltico Mineiro,Atletico Belo Horizonte MG,,
Ponte Preta,Ponte Preta SP,,,,
Chapecoense SC,,,,,
Avai,Ava,,,,
Atibaia SP,,,,,
EC Agua Santa SP,,,,,
EC Taubate SP,,,,,
Sao Caetano SP,,,,,
Linense SP,,,,,
Velo Clube SP,,,,,
Rio Branco SP,,,,,
Taboao DA Serra SP,,,,,
Noroeste,,,,,
de Novembro RS,,,,,
Desportivo Brasil SP,,,,,
Inter DE Limeira SP,,,,,
Nautico PE,,,,,
Ceara,,,,,
Paysandu,,,,,
Internacional RS,,,,,
Ituiutaba MG,Boa,,,,
Oeste SP,Oeste-SP,,,,
Guarani,Guarani de Campinas,,,,
Figueirense,,,,,
Juventude,,,,,
Parana,,,,,
ABC RN,ABC-RN,,,,
Vila Nova,,,,,
CRB AL,,,,,
Santa Cruz PE,Santa Cruz-PE,,,,
Londrina PR,,,,,
Luverdense MT,,,,,
Tupi MG,Tupi-MG,,,,
Botafogo SP,Botafogo-SP,,,,
Bragantino,,,,,
Sao Bento SP,,,,,
Sampaio Correa MA,Sampaio Correa-MA,,,,
Salgueiro PE,,,,,
Mogi Mirim SP,,,,,
Volta Redonda RJ,,,,,
Confianca SE,,,,,
Botafogo PB,Botafogo-PB,,,,
Ypiranga RS,,,,,
Tombense MG,,,,,
Remo,,,,,
Moto Club,,,,,
Macae Esporte RJ,,,,,
Joinville,,,,,
Cuiaba,,,,,
ASA,,,,,
CSA AL,ASA-AL,,,,
Fortaleza,Fortaleza-CE,,,,
Pachuca,,,,,
Club Tijuana,,,,,
Lobos B.U.A.P.,,,,,
Tigres,,,,,
CF America,,,,,
Monarcas Morelia,,,,,
Gallos Blancos,,,,,
Chivas Guadalajara,,,,,
U.N.A.M Pumas,Unam Pumas,,,,
Tiburones Rojos,Veracruz,,,,
Monterrey,,,,,
Cruz Azul,,,,,
Santos Laguna,,,,,
Club Leon,,,,,
Atlas,,,,,
Necaxa,,,,,
Puebla,Puebla FC,Puebla CF ,,,
Toluca,Deportivo Toluca
Tampico Madero,,,,,
Mineros De Zacatecas,,,,,
Irapuato,,,,,
Atletico San Luis,,,,,
Venados FC,,,,,
Zacatepec,,,,,
Cafetaleros de Tapachula,,,,,
Club Celaya,,,,,
Cimarrones De Sonora,,,,,
Correcaminos UAT,,,,,
Alebrijes de Oaxaca,,,,,
Universidad de Guadalajara,,,,,
Atlante,,,,,
Potros Uaem,,,,,
Juarez FC,,,,,
Dorados de Sinaloa,,,,,
Juticalpa FC,,,,,
CD Marathon,,,,,
CD Motagua,,,,,
CD Honduras,Honduras Progre
Real CD Espana,,,,,
CD Real Sociedad,Real Sociedad B,,,,
CD Vida,,,,,
CD Platense,,,,,
Municipal Perez Zeledon,,,,,
Guadelupe FC,Guadalupe,,,,
CSD Municipal,,,,,
CD Petapa,,,,,
Universidad Catolica Del Ecuador,,,,,
Clan Juvenil,,,,,
SC Barcelona Guayaquil,,,,,
LDU Quito,,,,,
Delfin SC,,,,,
CD River Plate Ecuador,,,,,
Independiente Jose Teran,,,,,
El Nacional,,,,,
Fuerza Amarilla S.c.,,,,,
D. Cuenca,,,,,
Macara,,,,,
Club Sport Emelec,,,,,
SD Aucas,,,,,
Manta FC,,,,,
Imbabura Ibarra,,,,,
Santa Rita,,,,,
Olmedo,,,,,
Ldu Portoviejo,,,,,
Mushuc Runa,,,,,
LDU Loja,,,,,
Gualaceo SC,,,,,
Municipal Iquique,,,,,
Santiago W.,Santiago Wanderers,,,,
Everton de Vina,Everton Vina del Mar,,,,
Club De Deportes Temuco Sadp,,,,,
U. Espanola,Union Espanola,,,,
Huachipato,,,,,
Audax Italiano,,,,,
Uni. de Conception,Universidad Concepcion,Univ de Concepcion,,,
San Luis De Quillota,,,,,
Palestino,,,,,
Curico Unido,,,,,
U. de Chile,Universidad de Chile,,,,
Colo Colo,,,,,
Antofagasta,,,,,
O`Higgins,O'Higgins,,,,
Pasto,,,,,
Club Cortulua,,,,,
Jaguares d. Cordoba,,,,,
Expreso Rojo,,,,,
Atletico Nacional,,,,,
Ind. Medellin,Independiente Medellin,,,,
Millonarios,Millionarios,,,,
Independiente Santa Fe,,,,,
Deportivo Cali,,,,,
America Cali,America de Cali,Amrica de Cali,,,
La Equidad,,,,,
Boyaca Patriotas,Boyaca Chico FC,,,,
Junior,Junior Barranquilla,,,,
Once Caldas,,,,,
Deportes Tolima,,,,,
Atletico Huila,,,,,
Aguilas Doradas,Rionegro Aguilas,Dep. Rionegro,,,
Envigado FC,,,,,
Alianza Petrolera,Alianza Petrolero,,,,
Atletico Bucaramanga,,,,,
Fenix,,,,,
Defensor Sporting,,,,,
Cerro,,,,,
Montevideo Wanderers,Wanderers (Uru),,,,
Plaza Colonia,,,,,
El Tanque Sisley,,,,,
Racing Club Montevideo,Racing Club (Uru),,,,
CA Boston River,,,,,
Atl. River Plate,,,,,
Montevideo Liverpool,,,,,
Penarol Montevideo,,,,,
Nacional de Football,Nacional (Uru),,,,
Danubio,,,,,
Rampla Juniors,,,,,
Institucion Atletica Sud America,,,,,
Sol de America,,,,,
Independiente FBC,,,,,
Deportivo Capiata,,,,,
General Diaz,,,,,
Club Nacional,,,,,
Olimpia Asuncion,,,,,
Rubio Nu,,,,,
Club Sportivo Luqueno,,,,,
Libertad,,,,,
Sportivo Trinidense,,,,,
Trujillanos FC,,,,,
Deportivo La Guaira,,,,,
Zamora FC,,,,,
Portuguesa FC,,,,,
Monagas SC,,,,,
D. Anzoategui,,,,,
Metropolitanos FC,,,,,
Estudiantes De Merida,,,,,
Deportivo Lara,,,,,
Atletico Socopo,,,,,
Aragua FC,,,,,
Zulia FC,,,,,
Carabobo,,,,,
Atletico Venezuela,,,,,
Caracas FC,,,,,
Vegalta Sendai,,,,,
Consadole Sapporo,,,,,
Niigata Albirex,,,,,
Kashiwa Reysol,,,,,
Gamba Osaka,,,,,
Sagan Tosu,,,,,
Sanfrecce Hiroshima,,,,,
Omiya Ardija,,,,,
Urawa Red Diamonds,,,,,
Shimizu S-Pulse,,,,,
Kashima Antlers,,,,,
Cerezo Osaka,,,,,
FC Tokyo,,,,,
Yokohama Marinos,,,,,
Vissel Kobe,,,,,
Iwata Jubilo,,,,,
Kawasaki Frontale,,,,,
Kofu,,,,,
FC Gifu,,,,,
Jef United,,,,,
Kamatamare Sanuki,,,,,
Zwiegen Kanazawa,Zweigen Kanazawa,,,,
Montedio Yamagata,,,,,
Tokushima Vortis,,,,,
Oita Trinita,,,,,
Renofa Yamaguchi,,,,,
Kyoto,,,,,
V-Varen Nagasaki,,,,,
Fagiano Okayama,,,,,
Roasso Kumamoto,,,,,
FC Yokohama,,,,,
Nagoya Grampus Eight,,,,,
Shonan Bellmare,,,,,
The Spa Kusatsu,,,,,
Matsumoto Yamaga FC,,,,,
FC Machida Zelvia,,,,,
Mito Hollyhock,,,,,
Avispa Fukuoka,,,,,
Tokyo Verdy,,,,,
Ehime FC,,,,,
JS Kairouanaise,,,,,
Club Sportif Sfaxien,,,,,
Stade Tunisien,,,,,
Club Africain,,,,,
Etoile Sportive Sahel,,,,,
US Monastir,,,,,
NA Hussein Dey,,,,,
CS Constantine,,,,,
JS Saoura,,,,,
JS Kabylie,,,,,
USM EL Harrach,,,,,
ES Setif,,,,,
USM Blida,,,,,
MC Oran,,,,,
Paradou AC,,,,,
USM Alger,,,,,
ASM Oran,,,,,
MO Bejaia,,,,,
Gyeongnam FC,,,,,
Seoul E-land FC,,,,,
Seongnam Ilhwa Chunma,,,,,
Daejeon Citizen,,,,,
Busan I Park,,,,,
National Police Agency FC,,,,,
Bucheon FC,,,,,
Ansan Greeners FC,,,,,
FC Anyang,,,,,
Suwon City FC,,,,,
Mitchelton FC,,,,,
Queensland Lions,,,,,
Real Cartagena,,,,,
FC Aguablanca,Atletico Cali,,,,
Sporting San Miguelito,,,,,
Moreton Bay Jets,,,,,
Brisbane Strikers,,,,,
Western Pride,,,,,
Gold Coast City FC,,,,,
FK Neftchi Fargona,,,,,
FK Kokand 1912,,,,,
FK Obod Tashkent,,,,,
FC Bunyodkor Tashkent,,,,,
PFK Dinamo Samarqand,,,,,
PFK Navbahor Namangan,,,,,
PFK Metallurg Bekabad,,,,,
PFC Shurtan,,,,,
PFK Qizilqum,,,,,
FC Bukhara,,,,,
Bhayangkara Surabaya United,,,,,
Gresik United,,,,,
Oakleigh Cannons,,,,,
Avondale Heights SC,,,,,
FK Sumgayit,FK Sumqayit,,,,
Zira,,,,,
FK Gabala,,,,,
UMF Tindstoll,Tindastoll,,,,
IF Vestri,,,,,
UMF Njardvik,,,,,
Hottur Egilsstadir,,,,,
Inglewood United SC,,,,,
Floreat Athena FC,,,,,
Subiaco Afc,,,,,
Sorrento,,,,,
Cockburn City SC,,,,,
Perth Glory FC Youth,,,,,
Mandurah City SC,,,,,
Balcatta FC,,,,,
Stirling Lions,,,,,
Bayswater City,,,,,
Joondalup United,,,,,
Armadale SC,,,,,
Ecu Joondalup SC,,,,,
Perth SC,,,,,
X. Tianshan Leopard,,,,,
Yunnan Lijiang,,,,,
Dalian Aerbing FC,,,,,
Sh. Honzuan,,,,,
Meizhou Hakka,,,,,
Shanghai Shenxin,,,,,
Beijing Baxi,Beijing Enterprises,,,,
Hangzhou Lvcheng,Hangzhou Greentown,,,,
Zhejiang Yiteng,,,,,
HU HE Hao TE,,,,,
Wuhan Zall FC,,,,,
Fujian Junhao,,,,,
Baoding Rongda,,,,,
Dalian Transcend,,,,,
Qingdao Hainiu,Qingdao Huanghai,,,,
Guizhou Renhe,Beijing Renhe,,,,
Metrostars,,,,,
Adelaide City,,,,,
IFK Timraa,,,,,
Soderhamns FF,,,,,
Sun Pegasus,,,,,
Southern District RSA,,,,,
Tai PO FC,,,,,
BIU Chun Glory Sky,,,,,
Highlands Park,,,,,
Royal Eagles,,,,,
Uthongathi,,,,,
Vasco Da Gama FC,,,,,
University of Pretoria FC,,,,,
Jomo Cosmos FC,,,,,
FC Cape Town,,,,,
Black Leopards,,,,,
Mbombela Utd FC,,,,,
Super Eagles,,,,,
Witbank Spurs,,,,,
Real Kings FC,,,,,
Tshakhuma,,,,,
Mthatha Bucks FC,,,,,
Mohammedan SC,,,,,
Peerless SC,,,,,
Slovan Liberic Woman,,,,,
Lokomotiva Brno Woman,Lokomotiva Brno (W),,,,
Mps / Atletico Malmi,,,,,
Malmin Ponnistajat,,,,,
Wormatia Worms,,,,,
Rot-Weiss Essen,,,,,
Wegberg Beeck,,,,,
Kvarnby,,,,,
Lindsdals IF,,,,,
Rappe GOIF,,,,,
Torns,,,,,
Slovan Liberec,Slovan Liberec (W),,,,
FC Fastav Zlin,FC Fastav Zlin U19,,,,
Vorskla Poltava,Vorskla Poltava U19,,,,
FC Oleksandria,,,,,
Sollentuna FK,,,,,
Hammarby IF,,,,,
MSK Zilina,MSK Zilina U19,,,,
Spartak Trnava,Spartak Trnava U19,,,,
Greuther Furth,Greuther Furth II,Greuther Frth,,,
FC Koln,FC Koln II,Fortuna Koln,Am. 1. FC Koeln,Coln (SF),
IFK Malmo,,,,,
Osterlen FF,,,,,
Slovac Liberec,,,,,
Eskilsminne,,,,,
Lindome,,,,,
FBK Karlstad,,,,,
IFK Uddevalla,,,,,
Sundbybergs IK,,,,,
Karlbergs BK,,,,,
Torslanda,,,,,
Hoganas BK,,,,,
Greve,,,,,
Marienlyst,,,,,
Middelfart,,,,,
Dalum,,,,,
FC Shirak,,,,,
Ararat Yerevan,,,,,
Koka Fnla,Koka Fnla (W),,,,
Lerums IS,,,,,
Nordvarmland,,,,,
TPS,,,,,
Skovshoved,,,,,
Hvidovre,,,,,
Kolding IF,Kolding BK,KoldingQ (W) ,,,
HIK,,,,,
Jammerbught FC,Jammerbugt,,,,
Ringkobing,,,,,
Juventus SC,,,,,
Ijsselmeer Vogels,,,,,
Kozakken Boys,,,,,
Harlow Town,,,,,
Lowestoft Town,,,,,
Hednesford,,,,,
Lancaster City,,,,,
FK Orsha,,,,,
FC Smorgon,,,,,
FK Smolevichi STI,,,,,
Khimik Svetlogorsk,,,,,
Sportunion Mauer,,,,,
Gerasdorf Stammersdorf,,,,,
DJK Arminia Klosterhardt U19 (U19),,,,,
SC Pena Deportiva,,,,,
Mallorca,,,,,
wacker innsbruck,Wacker Innsbruck II,,,,
Syzran-2003,,,,,
Novotroitsk,,,,,
vasteras,Vsteras,,,,
IK Brage,,,,,
Funnefoss/Vormsund,,,,,
Salangen,,,,,
Sandnes Ulf 2,,,,,
Flekkeroy,,,,,
Junkeren,,,,,
Rodde FK,,,,,
Arna-Bjornar,,,,,
Trondheims-Orn,,,,,
Medkila,,,,,
FC KooTeePee,,,,,
Sokol Cizova,,,,,
SK Bentky Nad Jizerou,,,,,
Usti N Orlici,,,,,
SK Zapy,,,,,
SK Spatak Hulin,,,,,
SK Prostejov,,,,,
Petrkovice,,,,,
HFK Olomouc,,,,,
Hlucin,,,,,
Rymarov,,,,,
FK Krupa,Krupa Na Vrbasu,,,,
NK Gosk Gabela,,,,,
Sloboda Tuzla,,,,,
NK Celik Zenica,,,,,
Deportivo Saprissa,,,,,
LD Alajuelense,,,,,
Universidad de Costa Rica,Uni. de Costa R
Limon FC,,,,,
AD Carmelita,,,,,
Municipal Liberia,,,,,
AD Santos De Guapiles,,,,,
Municipal Grecia,,,,,
CS Herediano,,,,,
CS Cartagines,,,,,
Tecnico Universitario,,,,,
CD Colon FC,,,,,
Bogota FC,,,,,
Cucuta Deportivo,,,,,
Orsomarso,,,,,
Fortaleza FC,,,,,
U. M. Santa Marta,,,,,
Llaneros FC,,,,,
Valledupar FC,,,,,
Real Santander,,,,,
PS Mitra Kukar,,,,,
Bali United Pusam,,,,,
Persela Lamongan,,,,,
Persija Jakarta,,,,,
Magni,,,,,
Afturelding,,,,,
Gallivare Malmbergets FF,,,,,
Friska Viljor FC-Valbo FF,,,,,
Harnosands FF,,,,,
Bodens,,,,,
Bollnas Gif FF,,,,,
Anundsjo IF,,,,,
guangzhou,Guangzhou R&f U19,,,,
Yuen Long District Sa,,,,,
Rapide Oued Zem,,,,,
Chabab Houara,,,,,
KAC Kenitra,,,,,
Tas Tihad Casablanca,,,,,
Waf Widad Fes,,,,,
Chabab Atlas Khenifra,,,,,
Rsb Berkane,,,,,
Union Temara,,,,,
Ittihad Tanger,,,,,
Union Sportive Sidi Kacem,,,,,
RCA Raja Casablanca Atlhletic,,,,,
Olympique Dcheira,,,,,
MAT Maghrib Association Tetouan,,,,,
ASS Association Sportive De Sale,,,,,
Renaissance Ezzmamra,,,,,
DHJ Difaa Hassani Jdidi,,,,,
Mouloudia Laayoune,,,,,
Chabab Kasba Tadla,,,,,
CRS Salmi,,,,,
Athletic Youssoufia,,,,,
Stade Marocain,,,,,
AS Far,,,,,
CRA de Hoceima,,,,,
Raja D Arfoud,,,,,
OCK Olympique de Khouribga,,,,,
Olympique de Marrakech,,,,,
Fus Fath Union Sportive Rabat,,,,,
Mouloudia Oujda,,,,,
Husa Hassania Agadir,,,,,
OCS Olympique de Safi,Olympique Club Safi,Olympic Safi,,,
KACM Marrakesh,,,,,
Wydad Athletic Club Casablanca,,,,,
San Jose Oruro,,,,,
Jorge Wilstermann,Jorge Wilsterma
US Esch,,,,,
FC Victoria Rosport,,,,,
Bekescsaba,,,,,
Gyor,,,,,
Budaors,,,,,
Szeged 2011,,,,,
Szolnoki MAV FC,,,,,
Soproni VSE,,,,,
Dorogi FC,,,,,
Soroksar,,,,,
Gyirmot SE,,,,,
Siofok,,,,,
Csakvari TK,,,,,
Vrda SE,,,,,
Dunakanyar Vac,,,,,
Mosonmagyarovar,,,,,
Nyiregyhaza,,,,,
Kazincbarcika BSC,,,,,
Ujbuda,,,,,
MTK,,,,,
Cegledi VSE,,,,,
Zalaegerszeg,,,,,
Slavutych Cherkasy,,,,,
Rukh Vynnyky,,,,,
FC Naftovyk-Ukrnafta,,,,,
FC Poltava,,,,,
FC Zhemchuzhyna Odesa,,,,,
Desna Chernigov,,,,,
Arsenal Kiev,,,,,
Girnik-Sport,,,,,
Obolon-brovar Kiev,,,,,
FC Ingulets,,,,,
MFC Mykolaiv,,,,,
Kolos Kovalivka,,,,,
Skenderbeu Korce,,,,,
Skopje,Vardar Skopje (FYROM),,,,
FC Astana,,,,,
FC Sheriff Tiraspol,,,,,
Oestersund,,,,,
FK Rudar Pljevlja,,,,,
FK Buducnost,,,,,
FK Zeta Golubovci,,,,,
FK Iskra Danilovgrad,,,,,
FK Mladost Podgorica,,,,,
FK Sutjeska Niksic,,,,,
OFK Petrovac,,,,,
FK Decic Tuzi,,,,,
FK Grbalj Radanovici,,,,,
FK Kom Podgorica,,,,,
Barra FC,Barra FC (Camboriu),,,,
United Arab Emirates,UAE,EAU,Emiratos rabes,,
Saudi Arabia,Arabia Saud,,,,
China,China PR,,,,
Uzbekistan,Uzbekistn,,,,
Syria,,,,,
Qatar,,,,,
Japan,,,,,
Australia,,,,,
Korea Republic,,,,,
Iran,,,,,
Thailand,,,,,
Iraq,,,,,
USA,,,,,
Mexico,Mxico,,,,
Panama,Panam,,,,
Trinidad and Tobago,,,,,
Belgium,,,,,
Gibraltar,,,,,
Cyprus, chipre ,,,,
Bosnia and Herzegovina,,,,,
Greece,,,,,
Estonia,,,,,
Luxembourg,Luxemburgo,,,,
Belarus,,,,,
Switzerland,Suiza Sub 19,,,,
Andorra,,,,,
Czech Republic,,,,,
Germany,,,,,
Lithuania,Lituania,,,,
Scotland,,,,,
Norway,,,,,
Azerbaijan,,,,,
San Marino,,,,,
Northern Ireland,,,,,
Albania,,,,,
Liechtenstein,,,,,
Georgia,,,,,
Republic of Ireland,,,,,
Croatia,,,,,
Kosovo,,,,,
Spain,,,,,
Italy,,,,,
Wales,,,,,
Bulgaria,,,,,
Sweden, suecia ,,,,
France,,,,,
Netherlands, Pases Bajos,holanda ,,,
Hungary,Hungra,,,,
Latvia,,,,,
Portugal,,,,,
Faroe Islands,islas feroe ,,,,
Kazakhstan,Kazajstn Sub 19,,,,
Montenegro,,,,,
Denmark,,,,,
Poland,,,,,
Malta,,,,,
Romania,,,,,
Armenia,,,,,
Slovakia,Eslovaquia Sub 19,,,,
Slovenia,Eslovenia Sub 19,,,,
Finland,,,,,
Iceland,,,,,
Serbia,,,,,
Moldova,,,,,
Israel,,,,,
Republic of Macedonia,,,,,
Ukraine,,,,,
Turkey,,,,,
Colombia,,,,,
Uruguay,,,,,
Argentina,,,,,
Peru,Per ,,,,
Bolivia,,,,,
Paraguay,,,,,
Brazil,,,,,
Chinese Taipei Students,,,,,
Malaysia Students,,,,,
Republic of Ireland Students,,,,,
USA Students,,,,,
Argentina Students,,,,,
Russia Students,,,,,
Ukraine Students,,,,,
Italy Students,,,,,
Korea Republic Students,,,,,
Brazil Students,,,,,
South Africa Students,,,,,
Canada Students,,,,,
France Students,,,,,
Uruguay Students,,,,,
Mexico Students,,,,,
Japan Students,,,,,
Banants,,,,,
Gandzasar,,,,,
Bankstown Berries,,,,,
Sydney FC,,,,,
Bentleigh Greens, Bentleigh Greens SC, Bentleigh Greens SC,,,
Western Sydney Wanderers,,,,,
Hakoah Sydney,,,,,
Melbourne City,,,,,
Deutschlandsberg,,,,,
Worgl,,,,,
Gremio,Gremio RS,,,,
Sport Recife,,,,,
Brantford Galaxy,,,,,
FC Vorkuta,,,,,
Royal Toronto,,,,,
SC Scarborough,,,,,
Waterloo,,,,,
Universidad Catolica Santiago,,,,,
Deportes Copiapo,,,,,
Magallanes,,,,,
Puerto Montt,,,,,
Deportes Valdivia,,,,,
Union San Felipe,,,,,
Union La Calera,,,,,
San Marcos De Arica,,,,,
Cobresal,,,,,
Santiago Morning,,,,,
Iberia,,,,,
Nublense,,,,,
Cobreloa,,,,,
Coquimbo Unido,,,,,
Barnechea,,,,,
Rangers Talca,,,,,
La Serena,,,,,
Boyaca Chico,,,,,
Leones,,,,,
Llaneros Villavicencio,,,,,
Union Magdalena,,,,,
Deportivo Pereira,Deportes Pereira,,,,
Universitario Popayan,U. d. Popayan,,,,
B36 Torshavn,,,,,
NSI Runavik,,,,,
Tudelano,,,,,
Barakaldo,,,,,
mirandes,Mirands,,,,
Coruxo FC,,,,,
MTK Budapest,,,,,
Budafoki MTE,,,,,
Salmanito,,,,,
SD Almazan,,,,,
Sestao River,,,,,
Bermeo,,,,,
CE Europa,,,,,
FC Terrassa,,,,,
Pinatar Arena FC,,,,,
Real Avila,,,,,
Arandina CF,,,,,
Santa Amalia,,,,,
Jerez Industrial CF,,,,,
Sport Ancash,,,,,
Deportivo Hualgayoc,,,,,
SD Solares Medio Cudeyo,,,,,
Cultural Guarnizo,,,,,
Hapoel Ironi Kiryat Shmona,,,,,
Antigua GFC,,,,,
Deportivo Sanarate,,,,,
AE Prat,,,,,
Cerdanyola del Valles,,,,,
CP Amanecer,,,,,
CF Trujillo,,,,,
CD Castuera Sabastacar,,,,,
CD Diocesano,,,,,
CP Moralo,,,,,
SD Negreira,,,,,
Arosa SC,Arosa FC,,,,
CSD Xelaju MC,,,,,
Coban Imperial,,,,,
Deportivo Malacateco,,,,,
CD Marquense,,,,,
Siquinala FC,,,,,
Deportivo Guastatoya,,,,,
Santa Gema FC,,,,,
Atletico Independiente,,,,,
CD Arabe Unido,,,,,
Alianza FC,,,,,
Persib Bandung,,,,,
Persipura Jayapura,,,,,
Persepam MU,,,,,
Perseru Serui,,,,,
CD Son Cladera,,,,,
UE Petra,,,,,
CD Marchamalo,,,,,
CP Villarrobledo,,,,,
Huetor Vega CD,,,,,
CF Salmantino,,,,,
CD Rincon,,,,,
Villacarrillo CF,,,,,
Bermeo Futbol Taldea,,,,,
Recambios Colon UD,,,,,
Silla CF,,,,,
CD Huetor Tajar,,,,,
Martos CD,,,,,
CA Pueblonuevo,,,,,
Arroyo,,,,,
Velez CF ,,,,,
UD San Pedro,,,,,
Serrano FC (RJ),,,,,
A D Itaboral,,,,,
Tigres do Brasil,,,,,
Uganda,,,,,
Egypt,,,,,
Ghana,,,,,
Congo,,,,,
Cape Verde,,,,,
Tunisia,,,,,
Congo DR,,,,,
Gabon,,,,,
Cote d'Ivoire,,,,,
Guinea,,,,,
Libya,,,,,
Nigeria,,,,,
Cameroon,Camern,,,,
Morocco,,,,,
Mali,,,,,
Zambia,,,,,
Algeria,,,,,
Senegal,,,,,
Burkina Faso,,,,,
Indonesia,,,,,
Myanmar,,,,,
Duisburg,,,,,
FC Ingolstadt,,,,,
Darmstadt 98,,,,,
Catania,,,,,
,,,,,
Burmoos,,,,,
SC Neusiedl,,,,,
Villaverde Union Deportiva,Villaverde UD,,,,
AD San Jose,,,,,
Kremser SC,,,,,
CD Calahorra,,,,,
CP Cacareno,,,,,
Real Aviles CF,,,,,
Arcos CF,,,,,
Antequera,,,,,
Durango SCD,Sociedad Cultural Deportiva Durango,,,,
Gimnastica De Torrelavega,,,,,
CD Olimpic,,,,,
Union Adarve,,,,,
CF Rayo Majadahonda,,,,,
US Creteil,,,,,
Snderjyske,,,,,
Krakeroy,,,,,
Odd BK Iii,,,,,
Keflavik,,,,,
Leiknir Reykjavik,,,,,
Throttur,,,,,
Deportivo Rionegro Colombia,,,,,
Barito Putera,,,,,
PS Tni,,,,,
Psm Makassar,,,,,
Arema Indonesia,,,,,
BSF denmark,,,,,
Holbaek ,,,,,
Vejgaard ,,,,,
FC Sydvest ,,,,,
Hedensted ,,,,,
Aarhus Fremad ,,,,,
Aabyhoj ,,,,,
lsf denmark,,,,,
b93 denmark,,,,,
Slagelse ,,,,,
Akademisk boldklub,AB,,,,
FC Grossklein ,,,,,
SV Lebring ,,,,,
Usv RB Hof ,,,,,
SV Wildon ,,,,,
Krakeroy ,,,,,
knockbreda North Ireland,,,,,
NTSV Strand 08,,,,,
Chalatenango ,,,,,
 CD Municipal Limeno, CD Municipal Limeno,,,,
CD Fas ,CD Fas ,,,,
Islas Salomon, Iles Salomon,,,,
New Zeland,Nueva Zelanda ,,,,
South Melbourne ,,,,,
Heidelberg United ,,,,,
 Peninsula Power,,,,,
Rochedale Rovers ,,,,,
 FK Zenit Izhevsk, FK Zenit Izhevsk,,,,
Ural,Ural 2 ,,,,
AD Chalatenango ,,,,,
SC Paderborn 07,,,,,
SV Meppen,,,,,
FV Illertissen,,,,,
SV Schalding-Heining,,,,,
AC Pistoiese,,,,,
Argelia,,,,,
VfB Speldorf,,,,,
eyupspor,,,,,
Anagennisi Karditsas,,,,,
Apollon Larissa,Apollon Larisas,,,,
OFI crete,OFI Kreta,,,,
Didcot Town,,,,,
Billericay Town,,,,,
Merstham,,,,,
Tooting & Mitcham United,,,,,
Stourbridge,,,,,
Loughborough Dynamo,,,,,
Wingate & Finchley,,,,,
Hendon,,,,,
Harrow Borough,,,,,
Enfield Town,,,,,
US Triestina Calcio,,,,,
Racing Fondi Calcio,,,,,
ASD Sicula Leonzio,,,,,
CD Guijuelo,,,,,
CD Toledo Sad,,,,,
CDA Navalcarnero,,,,,
UD San Sebastian de los Reyes,,,,,
CCD Cerceda,,,,,
SD Amorebieta,,,,,
CD Lealtad de Villaviciosa,,,,,
Burgos CF,,,,,
SC Weiz,,,,,
SC Kalsdorf,,,,,
TSV McDonalds St Johann im Pongau,TSV St. Johann,,,,
FC Ararat Moscow,,,,,
FC Metallurg Lipetsk,,,,,
FC Dinamo Bryansk,Dynamo Bryansk,,,,
FK Kaluga,,,,,
,,,,,
CA Chacarita Juniors,,,,,
AA Argentinos Juniors,,,,,
Putra Smarinda,putra samarinda ,,,,
Union Saint Gilloise, union saint-gilloise ,,,,
FC Tubize,,,,,
Club Deportivo Mineros de Guayana,,,,,
FC Santboia,,,,,
Palamos CF,,,,,
SD Textil Escudo,,,,,
Selaya FC,,,,,
Bielorrusia,,,,,
Gornik Zabrze,,,,,
Kettering Town,,,,,
Romulus FC,,,,,
Hornchurch,,,,,
Romford,,,,,
Chipstead,,,,,
Littlehampton Town,,,,,
Fortuna Hoerring,,,,,
Orkla Norway,,,,,
FK Mjolner,FK Mjlner,,,,
FC lyn oslo,,,,,
Spjelkavik,,,,,
Lorenskog,,,,,
alta IF,,,,,
IF Gnistan,,,,,
FC Honka,,,,,
Pallo Kerho 37,,,,,
Musa Pori,,,,,
JBK Pietarsaari,,,,,
PK Keski Uusimaa,,,,,
Dukla Praga,Dukla Praha,,,,
Bohemians 1905,,,,,
FC Astra Giurgiu,,,,,
Botev Plovdiv,,,,,
Wisla Plock,,,,,
Hapoel Katamon Jerusalem,,,,,
Hapoel Bnei Lod,,,,,
Hapoel Afula,,,,,
Sporting Kansas City,Sp. Kansas City,,,,
Queens Park Ranger,,,,,
Lecco Calcio,,,,,
Crema 1908 Calcio,,,,,
Chieri Calcio,,,,,
Oltrepovoghera,,,,,
Caratese,,,,,
Inveruno,,,,,
Bra,,,,,
Pro Sesto,,,,,
Varesina Calcio,,,,,
Caronnese Calcio,,,,,
Gozzano Calcio,,,,,
ASD Borgaro 1965 Calcio,,,,,
Varese Calcio,,,,,
Como Calcio,,,,,
Pavia Calcio,,,,,
Borgosesia Calcio,,,,,
Derthona Calcio,,,,,
Olginatese Calcio,,,,,
Casale Calcio,,,,,
Bormida Calcio,,,,,
GS Arconatese 1926 Calcio,,,,,
Seregno Calcio,,,,,
Sportvereinigung Ried
SC Wiener Neustadt
Floridsdorfer AC Wien
FC Lustenau 07
FC Blau Weiss Linz
WSG Wattens
FC Liefering
